,Model,Test_error,CV,Metric
0,ABC,0.9210526315789473,0.9407894736842105,accuracy
0,ABC,0.9210526315789473,0.9210526315789473,accuracy
0,ABC,0.9210526315789473,0.9407894736842105,accuracy
0,ABC,0.9210526315789473,0.9210526315789473,accuracy
0,ABC,0.9210526315789473,0.9407894736842105,accuracy
0,ABC,0.9210526315789473,0.9407894736842105,accuracy
0,ABC,0.9210526315789473,0.9276315789473685,accuracy
0,ABC,0.9210526315789473,0.9342105263157895,accuracy
0,ABC,0.9210526315789473,0.9407894736842105,accuracy
0,ABC,0.9210526315789473,0.9473684210526315,accuracy
0,ABC,0.9210526315789473,0.9210526315789473,accuracy
0,ABC,0.9210526315789473,0.9210526315789473,accuracy
0,ABC,0.9210526315789473,0.9342105263157895,accuracy
0,ABC,0.9210526315789473,0.9605263157894737,accuracy
0,ABC,0.9210526315789473,0.9342105263157895,accuracy
0,ABC,0.9210526315789473,0.9210526315789473,accuracy
0,ABC,0.9210526315789473,0.9144736842105263,accuracy
0,ABC,0.9210526315789473,0.9342105263157895,accuracy
0,ABC,0.9210526315789473,0.9276315789473685,accuracy
0,ABC,0.9210526315789473,0.9276315789473685,accuracy
0,GBC,0.9210526315789473,0.9539473684210527,accuracy
0,GBC,0.9210526315789473,0.9473684210526315,accuracy
0,GBC,0.9210526315789473,0.9539473684210527,accuracy
0,GBC,0.9210526315789473,0.9407894736842105,accuracy
0,GBC,0.9210526315789473,0.9539473684210527,accuracy
0,GBC,0.9210526315789473,0.9605263157894737,accuracy
0,GBC,0.9210526315789473,0.9671052631578947,accuracy
0,GBC,0.9210526315789473,0.9407894736842105,accuracy
0,GBC,0.9210526315789473,0.9473684210526315,accuracy
0,GBC,0.9210526315789473,0.9473684210526315,accuracy
0,GBC,0.9210526315789473,0.9342105263157895,accuracy
0,GBC,0.9210526315789473,0.9342105263157895,accuracy
0,GBC,0.9210526315789473,0.9473684210526315,accuracy
0,GBC,0.9210526315789473,0.9671052631578947,accuracy
0,GBC,0.9210526315789473,0.9605263157894737,accuracy
0,GBC,0.9210526315789473,0.9605263157894737,accuracy
0,GBC,0.9473684210526315,0.9473684210526315,accuracy
0,GBC,0.9210526315789473,0.9407894736842105,accuracy
0,GBC,0.9210526315789473,0.9605263157894737,accuracy
0,GBC,0.9210526315789473,0.9539473684210527,accuracy
44,KNC,0.868421052631579,0.8092105263157895,accuracy
14,KNC,0.868421052631579,0.8026315789473685,accuracy
41,KNC,0.868421052631579,0.8157894736842105,accuracy
17,KNC,0.868421052631579,0.8223684210526315,accuracy
32,KNC,0.868421052631579,0.8289473684210527,accuracy
20,KNC,0.868421052631579,0.8355263157894737,accuracy
35,KNC,0.868421052631579,0.8092105263157895,accuracy
23,KNC,0.868421052631579,0.8355263157894737,accuracy
26,KNC,0.868421052631579,0.8421052631578947,accuracy
38,KNC,0.868421052631579,0.8157894736842105,accuracy
11,KNC,0.868421052631579,0.8289473684210527,accuracy
8,KNC,0.868421052631579,0.8421052631578947,accuracy
2,KNC,0.868421052631579,0.8289473684210527,accuracy
59,KNC,0.868421052631579,0.8092105263157895,accuracy
56,KNC,0.868421052631579,0.8289473684210527,accuracy
47,KNC,0.868421052631579,0.8289473684210527,accuracy
53,KNC,0.868421052631579,0.8289473684210527,accuracy
29,KNC,0.868421052631579,0.8355263157894737,accuracy
50,KNC,0.868421052631579,0.8355263157894737,accuracy
5,KNC,0.868421052631579,0.8355263157894737,accuracy
39,LDA,0.9473684210526315,0.9539473684210527,accuracy
54,LDA,0.9473684210526315,0.9605263157894737,accuracy
42,LDA,0.9473684210526315,0.9605263157894737,accuracy
36,LDA,0.9473684210526315,0.9605263157894737,accuracy
51,LDA,0.9473684210526315,0.9736842105263158,accuracy
57,LDA,0.9473684210526315,0.9605263157894737,accuracy
33,LDA,0.9473684210526315,0.9671052631578947,accuracy
30,LDA,0.9473684210526315,0.9736842105263158,accuracy
45,LDA,0.9473684210526315,0.9736842105263158,accuracy
48,LDA,0.9473684210526315,0.9671052631578947,accuracy
27,LDA,0.9473684210526315,0.9671052631578947,accuracy
0,LDA,0.9473684210526315,0.9539473684210527,accuracy
9,LDA,0.9473684210526315,0.9605263157894737,accuracy
15,LDA,0.9473684210526315,0.9605263157894737,accuracy
18,LDA,0.9473684210526315,0.9736842105263158,accuracy
12,LDA,0.9473684210526315,0.9736842105263158,accuracy
6,LDA,0.9473684210526315,0.9671052631578947,accuracy
3,LDA,0.9473684210526315,0.9605263157894737,accuracy
24,LDA,0.9473684210526315,0.9671052631578947,accuracy
21,LDA,0.9473684210526315,0.9539473684210527,accuracy
0,LR,0.9736842105263158,0.9539473684210527,accuracy
0,LR,0.9736842105263158,0.9605263157894737,accuracy
0,LR,0.9736842105263158,0.9605263157894737,accuracy
0,LR,0.9736842105263158,0.9473684210526315,accuracy
0,LR,0.9736842105263158,0.9605263157894737,accuracy
0,LR,0.9736842105263158,0.9473684210526315,accuracy
0,LR,0.9736842105263158,0.9407894736842105,accuracy
0,LR,0.9736842105263158,0.9605263157894737,accuracy
0,LR,0.9736842105263158,0.9539473684210527,accuracy
0,LR,0.9736842105263158,0.9342105263157895,accuracy
0,LR,0.9736842105263158,0.9473684210526315,accuracy
0,LR,0.9736842105263158,0.9473684210526315,accuracy
0,LR,0.9736842105263158,0.9539473684210527,accuracy
0,LR,0.9736842105263158,0.9407894736842105,accuracy
0,LR,0.9736842105263158,0.9671052631578947,accuracy
0,LR,0.9736842105263158,0.9539473684210527,accuracy
0,LR,0.9736842105263158,0.9539473684210527,accuracy
0,LR,0.9736842105263158,0.9605263157894737,accuracy
0,LR,0.9736842105263158,0.9539473684210527,accuracy
0,LR,0.9736842105263158,0.9407894736842105,accuracy
0,PCA_LDA,0.9736842105263158,0.9605263157894737,accuracy
19,PCA_LDA,0.9736842105263158,0.9671052631578947,accuracy
18,PCA_LDA,0.9736842105263158,0.9736842105263158,accuracy
17,PCA_LDA,0.9736842105263158,0.9736842105263158,accuracy
16,PCA_LDA,0.9736842105263158,0.9802631578947368,accuracy
15,PCA_LDA,0.9736842105263158,0.9671052631578947,accuracy
13,PCA_LDA,0.9736842105263158,0.9605263157894737,accuracy
12,PCA_LDA,0.9736842105263158,0.9605263157894737,accuracy
11,PCA_LDA,0.9736842105263158,0.9539473684210527,accuracy
10,PCA_LDA,0.9736842105263158,0.9736842105263158,accuracy
14,PCA_LDA,0.9736842105263158,0.9473684210526315,accuracy
8,PCA_LDA,0.9736842105263158,0.9605263157894737,accuracy
7,PCA_LDA,0.9736842105263158,0.9407894736842105,accuracy
6,PCA_LDA,0.9736842105263158,0.9736842105263158,accuracy
5,PCA_LDA,0.9736842105263158,0.9605263157894737,accuracy
4,PCA_LDA,0.9736842105263158,0.9802631578947368,accuracy
3,PCA_LDA,0.9736842105263158,0.9473684210526315,accuracy
9,PCA_LDA,0.9736842105263158,0.9605263157894737,accuracy
2,PCA_LDA,0.9736842105263158,0.9671052631578947,accuracy
1,PCA_LDA,0.9736842105263158,0.9605263157894737,accuracy
9,PCA_QDA,0.9473684210526315,0.8947368421052632,accuracy
10,PCA_QDA,0.9473684210526315,0.8552631578947368,accuracy
11,PCA_QDA,0.9473684210526315,0.868421052631579,accuracy
14,PCA_QDA,0.9473684210526315,0.875,accuracy
13,PCA_QDA,0.9473684210526315,0.875,accuracy
15,PCA_QDA,0.9473684210526315,0.8552631578947368,accuracy
8,PCA_QDA,0.9473684210526315,0.8552631578947368,accuracy
12,PCA_QDA,0.9473684210526315,0.881578947368421,accuracy
7,PCA_QDA,0.9473684210526315,0.8618421052631579,accuracy
17,PCA_QDA,0.9473684210526315,0.868421052631579,accuracy
5,PCA_QDA,0.9473684210526315,0.8421052631578947,accuracy
4,PCA_QDA,0.9473684210526315,0.868421052631579,accuracy
3,PCA_QDA,0.9473684210526315,0.8421052631578947,accuracy
2,PCA_QDA,0.9473684210526315,0.8486842105263158,accuracy
1,PCA_QDA,0.9473684210526315,0.8618421052631579,accuracy
0,PCA_QDA,0.9473684210526315,0.881578947368421,accuracy
19,PCA_QDA,0.9473684210526315,0.8486842105263158,accuracy
18,PCA_QDA,0.9473684210526315,0.8947368421052632,accuracy
6,PCA_QDA,0.9473684210526315,0.8618421052631579,accuracy
16,PCA_QDA,0.9473684210526315,0.875,accuracy
25,QDA,0.868421052631579,0.7763157894736842,accuracy
34,QDA,0.868421052631579,0.756578947368421,accuracy
31,QDA,0.868421052631579,0.7631578947368421,accuracy
58,QDA,0.868421052631579,0.7631578947368421,accuracy
1,QDA,0.868421052631579,0.8092105263157895,accuracy
55,QDA,0.868421052631579,0.7960526315789473,accuracy
28,QDA,0.868421052631579,0.8157894736842105,accuracy
52,QDA,0.868421052631579,0.7960526315789473,accuracy
7,QDA,0.868421052631579,0.7697368421052632,accuracy
49,QDA,0.868421052631579,0.7828947368421053,accuracy
4,QDA,0.868421052631579,0.7302631578947368,accuracy
46,QDA,0.868421052631579,0.7368421052631579,accuracy
10,QDA,0.868421052631579,0.7828947368421053,accuracy
37,QDA,0.868421052631579,0.7631578947368421,accuracy
19,QDA,0.868421052631579,0.7763157894736842,accuracy
40,QDA,0.868421052631579,0.7697368421052632,accuracy
22,QDA,0.868421052631579,0.7171052631578947,accuracy
43,QDA,0.868421052631579,0.743421052631579,accuracy
13,QDA,0.868421052631579,0.7894736842105263,accuracy
16,QDA,0.868421052631579,0.7960526315789473,accuracy
0,RFC,0.868421052631579,0.875,accuracy
0,RFC,0.9210526315789473,0.868421052631579,accuracy
0,RFC,0.8947368421052632,0.881578947368421,accuracy
0,RFC,0.9210526315789473,0.875,accuracy
0,RFC,0.8947368421052632,0.8618421052631579,accuracy
0,RFC,0.9210526315789473,0.8552631578947368,accuracy
0,RFC,0.9210526315789473,0.868421052631579,accuracy
0,RFC,0.8947368421052632,0.868421052631579,accuracy
0,RFC,0.8947368421052632,0.8947368421052632,accuracy
0,RFC,0.8947368421052632,0.8881578947368421,accuracy
0,RFC,0.9210526315789473,0.875,accuracy
0,RFC,0.9210526315789473,0.8947368421052632,accuracy
0,RFC,0.8947368421052632,0.9013157894736842,accuracy
0,RFC,0.8947368421052632,0.8947368421052632,accuracy
0,RFC,0.8947368421052632,0.8618421052631579,accuracy
0,RFC,0.8947368421052632,0.875,accuracy
0,RFC,0.8947368421052632,0.8881578947368421,accuracy
0,RFC,0.9210526315789473,0.875,accuracy
0,RFC,0.8947368421052632,0.868421052631579,accuracy
0,RFC,0.8947368421052632,0.881578947368421,accuracy
0,SVC,0.9473684210526315,0.9407894736842105,accuracy
0,SVC,0.9473684210526315,0.9473684210526315,accuracy
0,SVC,0.9473684210526315,0.9473684210526315,accuracy
0,SVC,0.9473684210526315,0.9605263157894737,accuracy
0,SVC,0.9473684210526315,0.9473684210526315,accuracy
0,SVC,0.9473684210526315,0.9276315789473685,accuracy
0,SVC,0.9473684210526315,0.9473684210526315,accuracy
0,SVC,0.9473684210526315,0.9539473684210527,accuracy
0,SVC,0.9473684210526315,0.9473684210526315,accuracy
0,SVC,0.9473684210526315,0.9473684210526315,accuracy
0,SVC,0.9473684210526315,0.9671052631578947,accuracy
0,SVC,0.9473684210526315,0.9407894736842105,accuracy
0,SVC,0.9473684210526315,0.9539473684210527,accuracy
0,SVC,0.9473684210526315,0.9407894736842105,accuracy
0,SVC,0.9473684210526315,0.9605263157894737,accuracy
0,SVC,0.9473684210526315,0.9473684210526315,accuracy
0,SVC,0.9473684210526315,0.9539473684210527,accuracy
0,SVC,0.9473684210526315,0.9605263157894737,accuracy
0,SVC,0.9473684210526315,0.9407894736842105,accuracy
0,SVC,0.9473684210526315,0.9605263157894737,accuracy
0,XGBC,0.9210526315789473,0.9144736842105263,accuracy
0,XGBC,0.9210526315789473,0.9144736842105263,accuracy
0,XGBC,0.9210526315789473,0.8947368421052632,accuracy
0,XGBC,0.9210526315789473,0.881578947368421,accuracy
0,XGBC,0.9210526315789473,0.9013157894736842,accuracy
0,XGBC,0.9210526315789473,0.9144736842105263,accuracy
0,XGBC,0.9210526315789473,0.9276315789473685,accuracy
0,XGBC,0.9210526315789473,0.9078947368421053,accuracy
0,XGBC,0.9210526315789473,0.9078947368421053,accuracy
0,XGBC,0.9210526315789473,0.9210526315789473,accuracy
0,XGBC,0.9210526315789473,0.9078947368421053,accuracy
0,XGBC,0.9210526315789473,0.881578947368421,accuracy
0,XGBC,0.9210526315789473,0.9078947368421053,accuracy
0,XGBC,0.9210526315789473,0.9078947368421053,accuracy
0,XGBC,0.9210526315789473,0.9210526315789473,accuracy
0,XGBC,0.9210526315789473,0.9013157894736842,accuracy
0,XGBC,0.9210526315789473,0.9210526315789473,accuracy
0,XGBC,0.9210526315789473,0.8881578947368421,accuracy
0,XGBC,0.9210526315789473,0.9078947368421053,accuracy
0,XGBC,0.9210526315789473,0.8947368421052632,accuracy
0,ABC,1.0,0.948051948051948,precision
0,ABC,1.0,0.9125,precision
0,ABC,1.0,0.9259259259259259,precision
0,ABC,1.0,0.9125,precision
0,ABC,1.0,0.9367088607594937,precision
0,ABC,1.0,0.948051948051948,precision
0,ABC,1.0,0.9135802469135802,precision
0,ABC,1.0,0.9358974358974359,precision
0,ABC,1.0,0.9367088607594937,precision
0,ABC,1.0,0.9375,precision
0,ABC,1.0,0.9342105263157895,precision
0,ABC,1.0,0.9230769230769231,precision
0,ABC,1.0,0.9358974358974359,precision
0,ABC,1.0,0.95,precision
0,ABC,1.0,0.9358974358974359,precision
0,ABC,1.0,0.9125,precision
0,ABC,1.0,0.9113924050632911,precision
0,ABC,1.0,0.9146341463414634,precision
0,ABC,1.0,0.9135802469135802,precision
0,ABC,1.0,0.935064935064935,precision
0,GBC,1.0,0.9493670886075949,precision
0,GBC,1.0,0.9375,precision
0,GBC,1.0,0.927710843373494,precision
0,GBC,1.0,0.948051948051948,precision
0,GBC,1.0,0.9382716049382716,precision
0,GBC,1.0,0.95,precision
0,GBC,1.0,0.9620253164556962,precision
0,GBC,1.0,0.9259259259259259,precision
0,GBC,1.0,0.9375,precision
0,GBC,1.0,0.9375,precision
0,GBC,1.0,0.9473684210526315,precision
0,GBC,1.0,0.9146341463414634,precision
0,GBC,1.0,0.926829268292683,precision
0,GBC,1.0,0.9620253164556962,precision
0,GBC,1.0,0.95,precision
0,GBC,1.0,0.95,precision
0,GBC,1.0,0.9375,precision
0,GBC,1.0,0.9367088607594937,precision
0,GBC,1.0,0.95,precision
0,GBC,1.0,0.9382716049382716,precision
44,KNC,0.8888888888888888,0.7816091954022989,precision
14,KNC,0.8888888888888888,0.7727272727272727,precision
41,KNC,0.8888888888888888,0.7906976744186046,precision
17,KNC,0.8888888888888888,0.7931034482758621,precision
32,KNC,0.8888888888888888,0.8023255813953488,precision
20,KNC,0.8888888888888888,0.8045977011494253,precision
35,KNC,0.8888888888888888,0.7752808988764045,precision
23,KNC,0.8888888888888888,0.8117647058823529,precision
26,KNC,0.8888888888888888,0.8068181818181818,precision
38,KNC,0.8888888888888888,0.7840909090909091,precision
11,KNC,0.8888888888888888,0.8095238095238095,precision
8,KNC,0.8888888888888888,0.8068181818181818,precision
2,KNC,0.8888888888888888,0.7888888888888889,precision
59,KNC,0.8888888888888888,0.7692307692307693,precision
56,KNC,0.8888888888888888,0.7954545454545454,precision
47,KNC,0.8888888888888888,0.8023255813953488,precision
53,KNC,0.8888888888888888,0.8023255813953488,precision
29,KNC,0.8888888888888888,0.8117647058823529,precision
50,KNC,0.8888888888888888,0.797752808988764,precision
5,KNC,0.8888888888888888,0.8045977011494253,precision
39,LDA,1.0,0.961038961038961,precision
54,LDA,1.0,0.9736842105263158,precision
42,LDA,1.0,0.9615384615384616,precision
36,LDA,1.0,0.9736842105263158,precision
51,LDA,1.0,0.9743589743589743,precision
57,LDA,1.0,0.9736842105263158,precision
33,LDA,1.0,0.9620253164556962,precision
30,LDA,1.0,0.9868421052631579,precision
45,LDA,1.0,0.9868421052631579,precision
48,LDA,1.0,0.9866666666666667,precision
27,LDA,1.0,0.974025974025974,precision
0,LDA,1.0,0.9733333333333334,precision
9,LDA,1.0,0.9615384615384616,precision
15,LDA,1.0,0.9736842105263158,precision
18,LDA,1.0,0.9743589743589743,precision
12,LDA,1.0,0.9868421052631579,precision
6,LDA,1.0,0.974025974025974,precision
3,LDA,1.0,0.9736842105263158,precision
24,LDA,1.0,0.974025974025974,precision
21,LDA,1.0,0.961038961038961,precision
0,LR,1.0,0.961038961038961,precision
0,LR,1.0,0.9615384615384616,precision
0,LR,1.0,0.9736842105263158,precision
0,LR,1.0,0.9605263157894737,precision
0,LR,1.0,0.9615384615384616,precision
0,LR,1.0,0.9487179487179487,precision
0,LR,1.0,0.948051948051948,precision
0,LR,1.0,0.95,precision
0,LR,1.0,0.961038961038961,precision
0,LR,1.0,0.9473684210526315,precision
0,LR,1.0,0.9487179487179487,precision
0,LR,1.0,0.9487179487179487,precision
0,LR,1.0,0.961038961038961,precision
0,LR,1.0,0.9367088607594937,precision
0,LR,1.0,0.974025974025974,precision
0,LR,1.0,0.9493670886075949,precision
0,LR,1.0,0.961038961038961,precision
0,LR,1.0,0.9615384615384616,precision
0,LR,1.0,0.9493670886075949,precision
0,LR,1.0,0.948051948051948,precision
0,PCA_LDA,1.0,0.9736842105263158,precision
19,PCA_LDA,1.0,0.9866666666666667,precision
18,PCA_LDA,1.0,0.9868421052631579,precision
17,PCA_LDA,1.0,0.9868421052631579,precision
16,PCA_LDA,1.0,1.0,precision
15,PCA_LDA,1.0,1.0,precision
13,PCA_LDA,1.0,0.9736842105263158,precision
12,PCA_LDA,1.0,1.0,precision
11,PCA_LDA,1.0,0.961038961038961,precision
10,PCA_LDA,1.0,0.9868421052631579,precision
14,PCA_LDA,1.0,0.9487179487179487,precision
8,PCA_LDA,1.0,1.0,precision
7,PCA_LDA,1.0,0.96,precision
6,PCA_LDA,1.0,0.9743589743589743,precision
5,PCA_LDA,1.0,0.9615384615384616,precision
4,PCA_LDA,1.0,1.0,precision
3,PCA_LDA,1.0,0.9605263157894737,precision
9,PCA_LDA,1.0,0.9864864864864865,precision
2,PCA_LDA,1.0,0.974025974025974,precision
1,PCA_LDA,1.0,0.9615384615384616,precision
9,PCA_QDA,0.9473684210526315,0.8780487804878049,precision
10,PCA_QDA,0.9473684210526315,0.8414634146341463,precision
11,PCA_QDA,0.9473684210526315,0.8717948717948718,precision
14,PCA_QDA,0.9473684210526315,0.8831168831168831,precision
13,PCA_QDA,0.9473684210526315,0.8734177215189873,precision
15,PCA_QDA,0.9473684210526315,0.8589743589743589,precision
8,PCA_QDA,0.9473684210526315,0.8589743589743589,precision
12,PCA_QDA,0.9473684210526315,0.8658536585365854,precision
7,PCA_QDA,0.9473684210526315,0.8607594936708861,precision
17,PCA_QDA,0.9473684210526315,0.8625,precision
5,PCA_QDA,0.9473684210526315,0.8292682926829268,precision
4,PCA_QDA,0.9473684210526315,0.881578947368421,precision
3,PCA_QDA,0.9473684210526315,0.8375,precision
2,PCA_QDA,0.9473684210526315,0.8571428571428571,precision
1,PCA_QDA,0.9473684210526315,0.8607594936708861,precision
0,PCA_QDA,0.9473684210526315,0.8658536585365854,precision
19,PCA_QDA,0.9473684210526315,0.8481012658227848,precision
18,PCA_QDA,0.9473684210526315,0.8875,precision
6,PCA_QDA,0.9473684210526315,0.8433734939759037,precision
16,PCA_QDA,0.9473684210526315,0.8641975308641975,precision
25,QDA,0.85,0.7444444444444445,precision
34,QDA,0.85,0.7252747252747253,precision
31,QDA,0.85,0.7333333333333333,precision
58,QDA,0.85,0.7441860465116279,precision
1,QDA,0.85,0.788235294117647,precision
55,QDA,0.85,0.7640449438202247,precision
28,QDA,0.85,0.7840909090909091,precision
52,QDA,0.85,0.7526881720430108,precision
7,QDA,0.85,0.7415730337078652,precision
49,QDA,0.85,0.7528089887640449,precision
4,QDA,0.85,0.7032967032967034,precision
46,QDA,0.85,0.7317073170731707,precision
10,QDA,0.85,0.7586206896551724,precision
37,QDA,0.85,0.7282608695652174,precision
19,QDA,0.85,0.7619047619047619,precision
40,QDA,0.85,0.7529411764705882,precision
22,QDA,0.85,0.6923076923076923,precision
43,QDA,0.85,0.7241379310344828,precision
13,QDA,0.85,0.7555555555555555,precision
16,QDA,0.85,0.75,precision
0,RFC,0.8888888888888888,0.8831168831168831,precision
0,RFC,0.9444444444444444,0.8717948717948718,precision
0,RFC,0.9411764705882353,0.8947368421052632,precision
0,RFC,0.9444444444444444,0.8641975308641975,precision
0,RFC,0.9411764705882353,0.8701298701298701,precision
0,RFC,0.9444444444444444,0.8414634146341463,precision
0,RFC,0.9444444444444444,0.8625,precision
0,RFC,0.9411764705882353,0.8717948717948718,precision
0,RFC,0.9411764705882353,0.8690476190476191,precision
0,RFC,0.8947368421052632,0.8674698795180723,precision
0,RFC,0.9444444444444444,0.8831168831168831,precision
0,RFC,0.9444444444444444,0.8974358974358975,precision
0,RFC,0.9411764705882353,0.8888888888888888,precision
0,RFC,0.9411764705882353,0.8974358974358975,precision
0,RFC,0.9411764705882353,0.8607594936708861,precision
0,RFC,0.9411764705882353,0.8734177215189873,precision
0,RFC,0.9411764705882353,0.8961038961038961,precision
0,RFC,0.9444444444444444,0.8641975308641975,precision
0,RFC,0.9411764705882353,0.881578947368421,precision
0,RFC,0.9411764705882353,0.8947368421052632,precision
0,SVC,1.0,0.9367088607594937,precision
0,SVC,1.0,0.9375,precision
0,SVC,1.0,0.9375,precision
0,SVC,1.0,0.95,precision
0,SVC,1.0,0.9375,precision
0,SVC,1.0,0.9240506329113924,precision
0,SVC,1.0,0.9487179487179487,precision
0,SVC,1.0,0.9382716049382716,precision
0,SVC,1.0,0.9375,precision
0,SVC,1.0,0.9487179487179487,precision
0,SVC,1.0,0.9620253164556962,precision
0,SVC,1.0,0.9367088607594937,precision
0,SVC,1.0,0.9493670886075949,precision
0,SVC,1.0,0.9367088607594937,precision
0,SVC,1.0,0.9615384615384616,precision
0,SVC,1.0,0.9375,precision
0,SVC,1.0,0.9382716049382716,precision
0,SVC,1.0,0.95,precision
0,SVC,1.0,0.9367088607594937,precision
0,SVC,1.0,0.95,precision
0,XGBC,1.0,0.9012345679012346,precision
0,XGBC,1.0,0.922077922077922,precision
0,XGBC,1.0,0.9078947368421053,precision
0,XGBC,1.0,0.9054054054054054,precision
0,XGBC,1.0,0.92,precision
0,XGBC,1.0,0.922077922077922,precision
0,XGBC,1.0,0.9135802469135802,precision
0,XGBC,1.0,0.9102564102564102,precision
0,XGBC,1.0,0.9102564102564102,precision
0,XGBC,1.0,0.9230769230769231,precision
0,XGBC,1.0,0.9324324324324325,precision
0,XGBC,1.0,0.9054054054054054,precision
0,XGBC,1.0,0.9210526315789473,precision
0,XGBC,1.0,0.9102564102564102,precision
0,XGBC,1.0,0.9342105263157895,precision
0,XGBC,1.0,0.92,precision
0,XGBC,1.0,0.9459459459459459,precision
0,XGBC,1.0,0.8961038961038961,precision
0,XGBC,1.0,0.9102564102564102,precision
0,XGBC,1.0,0.9078947368421053,precision
0,ABC,0.8421052631578947,0.9358974358974359,recall
0,ABC,0.8421052631578947,0.9358974358974359,recall
0,ABC,0.8421052631578947,0.9615384615384616,recall
0,ABC,0.8421052631578947,0.9358974358974359,recall
0,ABC,0.8421052631578947,0.9487179487179487,recall
0,ABC,0.8421052631578947,0.9358974358974359,recall
0,ABC,0.8421052631578947,0.9487179487179487,recall
0,ABC,0.8421052631578947,0.9358974358974359,recall
0,ABC,0.8421052631578947,0.9487179487179487,recall
0,ABC,0.8421052631578947,0.9615384615384616,recall
0,ABC,0.8421052631578947,0.9102564102564102,recall
0,ABC,0.8421052631578947,0.9230769230769231,recall
0,ABC,0.8421052631578947,0.9358974358974359,recall
0,ABC,0.8421052631578947,0.9743589743589743,recall
0,ABC,0.8421052631578947,0.9358974358974359,recall
0,ABC,0.8421052631578947,0.9358974358974359,recall
0,ABC,0.8421052631578947,0.9230769230769231,recall
0,ABC,0.8421052631578947,0.9615384615384616,recall
0,ABC,0.8421052631578947,0.9487179487179487,recall
0,ABC,0.8421052631578947,0.9230769230769231,recall
0,GBC,0.8421052631578947,0.9615384615384616,recall
0,GBC,0.8421052631578947,0.9615384615384616,recall
0,GBC,0.8421052631578947,0.9871794871794872,recall
0,GBC,0.8421052631578947,0.9358974358974359,recall
0,GBC,0.8421052631578947,0.9743589743589743,recall
0,GBC,0.8421052631578947,0.9743589743589743,recall
0,GBC,0.8421052631578947,0.9743589743589743,recall
0,GBC,0.8421052631578947,0.9615384615384616,recall
0,GBC,0.8421052631578947,0.9615384615384616,recall
0,GBC,0.8421052631578947,0.9615384615384616,recall
0,GBC,0.8421052631578947,0.9230769230769231,recall
0,GBC,0.8421052631578947,0.9615384615384616,recall
0,GBC,0.8421052631578947,0.9743589743589743,recall
0,GBC,0.8421052631578947,0.9743589743589743,recall
0,GBC,0.8421052631578947,0.9743589743589743,recall
0,GBC,0.8421052631578947,0.9743589743589743,recall
0,GBC,0.8947368421052632,0.9615384615384616,recall
0,GBC,0.8421052631578947,0.9487179487179487,recall
0,GBC,0.8421052631578947,0.9743589743589743,recall
0,GBC,0.8421052631578947,0.9743589743589743,recall
44,KNC,0.8421052631578947,0.8717948717948718,recall
14,KNC,0.8421052631578947,0.8717948717948718,recall
41,KNC,0.8421052631578947,0.8717948717948718,recall
17,KNC,0.8421052631578947,0.8846153846153846,recall
32,KNC,0.8421052631578947,0.8846153846153846,recall
20,KNC,0.8421052631578947,0.8974358974358975,recall
35,KNC,0.8421052631578947,0.8846153846153846,recall
23,KNC,0.8421052631578947,0.8846153846153846,recall
26,KNC,0.8421052631578947,0.9102564102564102,recall
38,KNC,0.8421052631578947,0.8846153846153846,recall
11,KNC,0.8421052631578947,0.8717948717948718,recall
8,KNC,0.8421052631578947,0.9102564102564102,recall
2,KNC,0.8421052631578947,0.9102564102564102,recall
59,KNC,0.8421052631578947,0.8974358974358975,recall
56,KNC,0.8421052631578947,0.8974358974358975,recall
47,KNC,0.8421052631578947,0.8846153846153846,recall
53,KNC,0.8421052631578947,0.8846153846153846,recall
29,KNC,0.8421052631578947,0.8846153846153846,recall
50,KNC,0.8421052631578947,0.9102564102564102,recall
5,KNC,0.8421052631578947,0.8974358974358975,recall
39,LDA,0.8947368421052632,0.9487179487179487,recall
54,LDA,0.8947368421052632,0.9487179487179487,recall
42,LDA,0.8947368421052632,0.9615384615384616,recall
36,LDA,0.8947368421052632,0.9487179487179487,recall
51,LDA,0.8947368421052632,0.9743589743589743,recall
57,LDA,0.8947368421052632,0.9487179487179487,recall
33,LDA,0.8947368421052632,0.9743589743589743,recall
30,LDA,0.8947368421052632,0.9615384615384616,recall
45,LDA,0.8947368421052632,0.9615384615384616,recall
48,LDA,0.8947368421052632,0.9487179487179487,recall
27,LDA,0.8947368421052632,0.9615384615384616,recall
0,LDA,0.8947368421052632,0.9358974358974359,recall
9,LDA,0.8947368421052632,0.9615384615384616,recall
15,LDA,0.8947368421052632,0.9487179487179487,recall
18,LDA,0.8947368421052632,0.9743589743589743,recall
12,LDA,0.8947368421052632,0.9615384615384616,recall
6,LDA,0.8947368421052632,0.9615384615384616,recall
3,LDA,0.8947368421052632,0.9487179487179487,recall
24,LDA,0.8947368421052632,0.9615384615384616,recall
21,LDA,0.8947368421052632,0.9487179487179487,recall
0,LR,0.9473684210526315,0.9487179487179487,recall
0,LR,0.9473684210526315,0.9615384615384616,recall
0,LR,0.9473684210526315,0.9487179487179487,recall
0,LR,0.9473684210526315,0.9358974358974359,recall
0,LR,0.9473684210526315,0.9615384615384616,recall
0,LR,0.9473684210526315,0.9487179487179487,recall
0,LR,0.9473684210526315,0.9358974358974359,recall
0,LR,0.9473684210526315,0.9743589743589743,recall
0,LR,0.9473684210526315,0.9487179487179487,recall
0,LR,0.9473684210526315,0.9230769230769231,recall
0,LR,0.9473684210526315,0.9487179487179487,recall
0,LR,0.9473684210526315,0.9487179487179487,recall
0,LR,0.9473684210526315,0.9487179487179487,recall
0,LR,0.9473684210526315,0.9487179487179487,recall
0,LR,0.9473684210526315,0.9615384615384616,recall
0,LR,0.9473684210526315,0.9615384615384616,recall
0,LR,0.9473684210526315,0.9487179487179487,recall
0,LR,0.9473684210526315,0.9615384615384616,recall
0,LR,0.9473684210526315,0.9615384615384616,recall
0,LR,0.9473684210526315,0.9358974358974359,recall
0,PCA_LDA,0.9473684210526315,0.9487179487179487,recall
19,PCA_LDA,0.9473684210526315,0.9487179487179487,recall
18,PCA_LDA,0.9473684210526315,0.9615384615384616,recall
17,PCA_LDA,0.9473684210526315,0.9615384615384616,recall
16,PCA_LDA,0.9473684210526315,0.9615384615384616,recall
15,PCA_LDA,0.9473684210526315,0.9358974358974359,recall
13,PCA_LDA,0.9473684210526315,0.9487179487179487,recall
12,PCA_LDA,0.9473684210526315,0.9230769230769231,recall
11,PCA_LDA,0.9473684210526315,0.9487179487179487,recall
10,PCA_LDA,0.9473684210526315,0.9615384615384616,recall
14,PCA_LDA,0.9473684210526315,0.9487179487179487,recall
8,PCA_LDA,0.9473684210526315,0.9230769230769231,recall
7,PCA_LDA,0.9473684210526315,0.9230769230769231,recall
6,PCA_LDA,0.9473684210526315,0.9743589743589743,recall
5,PCA_LDA,0.9473684210526315,0.9615384615384616,recall
4,PCA_LDA,0.9473684210526315,0.9615384615384616,recall
3,PCA_LDA,0.9473684210526315,0.9358974358974359,recall
9,PCA_LDA,0.9473684210526315,0.9358974358974359,recall
2,PCA_LDA,0.9473684210526315,0.9615384615384616,recall
1,PCA_LDA,0.9473684210526315,0.9615384615384616,recall
9,PCA_QDA,0.9473684210526315,0.9230769230769231,recall
10,PCA_QDA,0.9473684210526315,0.8846153846153846,recall
11,PCA_QDA,0.9473684210526315,0.8717948717948718,recall
14,PCA_QDA,0.9473684210526315,0.8717948717948718,recall
13,PCA_QDA,0.9473684210526315,0.8846153846153846,recall
15,PCA_QDA,0.9473684210526315,0.8589743589743589,recall
8,PCA_QDA,0.9473684210526315,0.8589743589743589,recall
12,PCA_QDA,0.9473684210526315,0.9102564102564102,recall
7,PCA_QDA,0.9473684210526315,0.8717948717948718,recall
17,PCA_QDA,0.9473684210526315,0.8846153846153846,recall
5,PCA_QDA,0.9473684210526315,0.8717948717948718,recall
4,PCA_QDA,0.9473684210526315,0.8589743589743589,recall
3,PCA_QDA,0.9473684210526315,0.8589743589743589,recall
2,PCA_QDA,0.9473684210526315,0.8461538461538461,recall
1,PCA_QDA,0.9473684210526315,0.8717948717948718,recall
0,PCA_QDA,0.9473684210526315,0.9102564102564102,recall
19,PCA_QDA,0.9473684210526315,0.8589743589743589,recall
18,PCA_QDA,0.9473684210526315,0.9102564102564102,recall
6,PCA_QDA,0.9473684210526315,0.8974358974358975,recall
16,PCA_QDA,0.9473684210526315,0.8974358974358975,recall
25,QDA,0.8947368421052632,0.8589743589743589,recall
34,QDA,0.8947368421052632,0.8461538461538461,recall
31,QDA,0.8947368421052632,0.8461538461538461,recall
58,QDA,0.8947368421052632,0.8205128205128205,recall
1,QDA,0.8947368421052632,0.8589743589743589,recall
55,QDA,0.8947368421052632,0.8717948717948718,recall
28,QDA,0.8947368421052632,0.8846153846153846,recall
52,QDA,0.8947368421052632,0.8974358974358975,recall
7,QDA,0.8947368421052632,0.8461538461538461,recall
49,QDA,0.8947368421052632,0.8589743589743589,recall
4,QDA,0.8947368421052632,0.8205128205128205,recall
46,QDA,0.8947368421052632,0.7692307692307693,recall
10,QDA,0.8947368421052632,0.8461538461538461,recall
37,QDA,0.8947368421052632,0.8589743589743589,recall
19,QDA,0.8947368421052632,0.8205128205128205,recall
40,QDA,0.8947368421052632,0.8205128205128205,recall
22,QDA,0.8947368421052632,0.8076923076923077,recall
43,QDA,0.8947368421052632,0.8076923076923077,recall
13,QDA,0.8947368421052632,0.8717948717948718,recall
16,QDA,0.8947368421052632,0.8846153846153846,recall
0,RFC,0.8421052631578947,0.8717948717948718,recall
0,RFC,0.8947368421052632,0.8717948717948718,recall
0,RFC,0.8421052631578947,0.8717948717948718,recall
0,RFC,0.8947368421052632,0.8974358974358975,recall
0,RFC,0.8421052631578947,0.8589743589743589,recall
0,RFC,0.8947368421052632,0.8846153846153846,recall
0,RFC,0.8947368421052632,0.8846153846153846,recall
0,RFC,0.8421052631578947,0.8717948717948718,recall
0,RFC,0.8421052631578947,0.9358974358974359,recall
0,RFC,0.8947368421052632,0.9230769230769231,recall
0,RFC,0.8947368421052632,0.8717948717948718,recall
0,RFC,0.8947368421052632,0.8974358974358975,recall
0,RFC,0.8421052631578947,0.9230769230769231,recall
0,RFC,0.8421052631578947,0.8974358974358975,recall
0,RFC,0.8421052631578947,0.8717948717948718,recall
0,RFC,0.8421052631578947,0.8846153846153846,recall
0,RFC,0.8421052631578947,0.8846153846153846,recall
0,RFC,0.8947368421052632,0.8974358974358975,recall
0,RFC,0.8421052631578947,0.8589743589743589,recall
0,RFC,0.8421052631578947,0.8717948717948718,recall
0,SVC,0.8947368421052632,0.9487179487179487,recall
0,SVC,0.8947368421052632,0.9615384615384616,recall
0,SVC,0.8947368421052632,0.9615384615384616,recall
0,SVC,0.8947368421052632,0.9743589743589743,recall
0,SVC,0.8947368421052632,0.9615384615384616,recall
0,SVC,0.8947368421052632,0.9358974358974359,recall
0,SVC,0.8947368421052632,0.9487179487179487,recall
0,SVC,0.8947368421052632,0.9743589743589743,recall
0,SVC,0.8947368421052632,0.9615384615384616,recall
0,SVC,0.8947368421052632,0.9487179487179487,recall
0,SVC,0.8947368421052632,0.9743589743589743,recall
0,SVC,0.8947368421052632,0.9487179487179487,recall
0,SVC,0.8947368421052632,0.9615384615384616,recall
0,SVC,0.8947368421052632,0.9487179487179487,recall
0,SVC,0.8947368421052632,0.9615384615384616,recall
0,SVC,0.8947368421052632,0.9615384615384616,recall
0,SVC,0.8947368421052632,0.9743589743589743,recall
0,SVC,0.8947368421052632,0.9743589743589743,recall
0,SVC,0.8947368421052632,0.9487179487179487,recall
0,SVC,0.8947368421052632,0.9743589743589743,recall
0,XGBC,0.8421052631578947,0.9358974358974359,recall
0,XGBC,0.8421052631578947,0.9102564102564102,recall
0,XGBC,0.8421052631578947,0.8846153846153846,recall
0,XGBC,0.8421052631578947,0.8589743589743589,recall
0,XGBC,0.8421052631578947,0.8846153846153846,recall
0,XGBC,0.8421052631578947,0.9102564102564102,recall
0,XGBC,0.8421052631578947,0.9487179487179487,recall
0,XGBC,0.8421052631578947,0.9102564102564102,recall
0,XGBC,0.8421052631578947,0.9102564102564102,recall
0,XGBC,0.8421052631578947,0.9230769230769231,recall
0,XGBC,0.8421052631578947,0.8846153846153846,recall
0,XGBC,0.8421052631578947,0.8589743589743589,recall
0,XGBC,0.8421052631578947,0.8974358974358975,recall
0,XGBC,0.8421052631578947,0.9102564102564102,recall
0,XGBC,0.8421052631578947,0.9102564102564102,recall
0,XGBC,0.8421052631578947,0.8846153846153846,recall
0,XGBC,0.8421052631578947,0.8974358974358975,recall
0,XGBC,0.8421052631578947,0.8846153846153846,recall
0,XGBC,0.8421052631578947,0.9102564102564102,recall
0,XGBC,0.8421052631578947,0.8846153846153846,recall
0,ABC,0.9142857142857143,0.9419354838709677,f1
0,ABC,0.9142857142857143,0.9240506329113924,f1
0,ABC,0.9142857142857143,0.9433962264150944,f1
0,ABC,0.9142857142857143,0.9240506329113924,f1
0,ABC,0.9142857142857143,0.9426751592356688,f1
0,ABC,0.9142857142857143,0.9419354838709677,f1
0,ABC,0.9142857142857143,0.9308176100628931,f1
0,ABC,0.9142857142857143,0.9358974358974359,f1
0,ABC,0.9142857142857143,0.9426751592356688,f1
0,ABC,0.9142857142857143,0.9493670886075949,f1
0,ABC,0.9142857142857143,0.922077922077922,f1
0,ABC,0.9142857142857143,0.9230769230769231,f1
0,ABC,0.9142857142857143,0.9358974358974359,f1
0,ABC,0.9142857142857143,0.9620253164556962,f1
0,ABC,0.9142857142857143,0.9358974358974359,f1
0,ABC,0.9142857142857143,0.9240506329113924,f1
0,ABC,0.9142857142857143,0.9171974522292994,f1
0,ABC,0.9142857142857143,0.9375000000000001,f1
0,ABC,0.9142857142857143,0.9308176100628931,f1
0,ABC,0.9142857142857143,0.9290322580645162,f1
0,GBC,0.9142857142857143,0.9554140127388535,f1
0,GBC,0.9142857142857143,0.9493670886075949,f1
0,GBC,0.9142857142857143,0.9565217391304347,f1
0,GBC,0.9142857142857143,0.9419354838709677,f1
0,GBC,0.9142857142857143,0.9559748427672956,f1
0,GBC,0.9142857142857143,0.9620253164556962,f1
0,GBC,0.9142857142857143,0.9681528662420382,f1
0,GBC,0.9142857142857143,0.9433962264150944,f1
0,GBC,0.9142857142857143,0.9493670886075949,f1
0,GBC,0.9142857142857143,0.9493670886075949,f1
0,GBC,0.9142857142857143,0.935064935064935,f1
0,GBC,0.9142857142857143,0.9375000000000001,f1
0,GBC,0.9142857142857143,0.9500000000000001,f1
0,GBC,0.9142857142857143,0.9681528662420382,f1
0,GBC,0.9142857142857143,0.9620253164556962,f1
0,GBC,0.9142857142857143,0.9620253164556962,f1
0,GBC,0.9444444444444444,0.9493670886075949,f1
0,GBC,0.9142857142857143,0.9426751592356688,f1
0,GBC,0.9142857142857143,0.9620253164556962,f1
0,GBC,0.9142857142857143,0.9559748427672956,f1
44,KNC,0.8648648648648649,0.8242424242424243,f1
14,KNC,0.8648648648648649,0.8192771084337349,f1
41,KNC,0.8648648648648649,0.8292682926829267,f1
17,KNC,0.8648648648648649,0.8363636363636363,f1
32,KNC,0.8648648648648649,0.8414634146341462,f1
20,KNC,0.8648648648648649,0.8484848484848485,f1
35,KNC,0.8648648648648649,0.8263473053892216,f1
23,KNC,0.8648648648648649,0.8466257668711656,f1
26,KNC,0.8648648648648649,0.8554216867469879,f1
38,KNC,0.8648648648648649,0.8313253012048192,f1
11,KNC,0.8648648648648649,0.8395061728395062,f1
8,KNC,0.8648648648648649,0.8554216867469879,f1
2,KNC,0.8648648648648649,0.8452380952380951,f1
59,KNC,0.8648648648648649,0.8284023668639053,f1
56,KNC,0.8648648648648649,0.8433734939759037,f1
47,KNC,0.8648648648648649,0.8414634146341462,f1
53,KNC,0.8648648648648649,0.8414634146341462,f1
29,KNC,0.8648648648648649,0.8466257668711656,f1
50,KNC,0.8648648648648649,0.8502994011976048,f1
5,KNC,0.8648648648648649,0.8484848484848485,f1
39,LDA,0.9444444444444444,0.9548387096774195,f1
54,LDA,0.9444444444444444,0.9610389610389611,f1
42,LDA,0.9444444444444444,0.9615384615384616,f1
36,LDA,0.9444444444444444,0.9610389610389611,f1
51,LDA,0.9444444444444444,0.9743589743589743,f1
57,LDA,0.9444444444444444,0.9610389610389611,f1
33,LDA,0.9444444444444444,0.9681528662420382,f1
30,LDA,0.9444444444444444,0.974025974025974,f1
45,LDA,0.9444444444444444,0.974025974025974,f1
48,LDA,0.9444444444444444,0.9673202614379085,f1
27,LDA,0.9444444444444444,0.967741935483871,f1
0,LDA,0.9444444444444444,0.954248366013072,f1
9,LDA,0.9444444444444444,0.9615384615384616,f1
15,LDA,0.9444444444444444,0.9610389610389611,f1
18,LDA,0.9444444444444444,0.9743589743589743,f1
12,LDA,0.9444444444444444,0.974025974025974,f1
6,LDA,0.9444444444444444,0.967741935483871,f1
3,LDA,0.9444444444444444,0.9610389610389611,f1
24,LDA,0.9444444444444444,0.967741935483871,f1
21,LDA,0.9444444444444444,0.9548387096774195,f1
0,LR,0.972972972972973,0.9548387096774195,f1
0,LR,0.972972972972973,0.9615384615384616,f1
0,LR,0.972972972972973,0.9610389610389611,f1
0,LR,0.972972972972973,0.948051948051948,f1
0,LR,0.972972972972973,0.9615384615384616,f1
0,LR,0.972972972972973,0.9487179487179487,f1
0,LR,0.972972972972973,0.9419354838709677,f1
0,LR,0.972972972972973,0.9620253164556962,f1
0,LR,0.972972972972973,0.9548387096774195,f1
0,LR,0.972972972972973,0.935064935064935,f1
0,LR,0.972972972972973,0.9487179487179487,f1
0,LR,0.972972972972973,0.9487179487179487,f1
0,LR,0.972972972972973,0.9548387096774195,f1
0,LR,0.972972972972973,0.9426751592356688,f1
0,LR,0.972972972972973,0.967741935483871,f1
0,LR,0.972972972972973,0.9554140127388535,f1
0,LR,0.972972972972973,0.9548387096774195,f1
0,LR,0.972972972972973,0.9615384615384616,f1
0,LR,0.972972972972973,0.9554140127388535,f1
0,LR,0.972972972972973,0.9419354838709677,f1
0,PCA_LDA,0.972972972972973,0.9610389610389611,f1
19,PCA_LDA,0.972972972972973,0.9673202614379085,f1
18,PCA_LDA,0.972972972972973,0.974025974025974,f1
17,PCA_LDA,0.972972972972973,0.974025974025974,f1
16,PCA_LDA,0.972972972972973,0.9803921568627451,f1
15,PCA_LDA,0.972972972972973,0.9668874172185431,f1
13,PCA_LDA,0.972972972972973,0.9610389610389611,f1
12,PCA_LDA,0.972972972972973,0.9600000000000001,f1
11,PCA_LDA,0.972972972972973,0.9548387096774195,f1
10,PCA_LDA,0.972972972972973,0.974025974025974,f1
14,PCA_LDA,0.972972972972973,0.9487179487179487,f1
8,PCA_LDA,0.972972972972973,0.9600000000000001,f1
7,PCA_LDA,0.972972972972973,0.9411764705882353,f1
6,PCA_LDA,0.972972972972973,0.9743589743589743,f1
5,PCA_LDA,0.972972972972973,0.9615384615384616,f1
4,PCA_LDA,0.972972972972973,0.9803921568627451,f1
3,PCA_LDA,0.972972972972973,0.948051948051948,f1
9,PCA_LDA,0.972972972972973,0.9605263157894737,f1
2,PCA_LDA,0.972972972972973,0.967741935483871,f1
1,PCA_LDA,0.972972972972973,0.9615384615384616,f1
9,PCA_QDA,0.9473684210526315,0.9,f1
10,PCA_QDA,0.9473684210526315,0.8625,f1
11,PCA_QDA,0.9473684210526315,0.8717948717948718,f1
14,PCA_QDA,0.9473684210526315,0.8774193548387098,f1
13,PCA_QDA,0.9473684210526315,0.8789808917197452,f1
15,PCA_QDA,0.9473684210526315,0.8589743589743589,f1
8,PCA_QDA,0.9473684210526315,0.8589743589743589,f1
12,PCA_QDA,0.9473684210526315,0.8875000000000001,f1
7,PCA_QDA,0.9473684210526315,0.8662420382165605,f1
17,PCA_QDA,0.9473684210526315,0.8734177215189874,f1
5,PCA_QDA,0.9473684210526315,0.8500000000000001,f1
4,PCA_QDA,0.9473684210526315,0.8701298701298701,f1
3,PCA_QDA,0.9473684210526315,0.8481012658227848,f1
2,PCA_QDA,0.9473684210526315,0.8516129032258064,f1
1,PCA_QDA,0.9473684210526315,0.8662420382165605,f1
0,PCA_QDA,0.9473684210526315,0.8875000000000001,f1
19,PCA_QDA,0.9473684210526315,0.8535031847133757,f1
18,PCA_QDA,0.9473684210526315,0.8987341772151898,f1
6,PCA_QDA,0.9473684210526315,0.8695652173913043,f1
16,PCA_QDA,0.9473684210526315,0.880503144654088,f1
25,QDA,0.8717948717948718,0.7976190476190476,f1
34,QDA,0.8717948717948718,0.7810650887573964,f1
31,QDA,0.8717948717948718,0.7857142857142856,f1
58,QDA,0.8717948717948718,0.7804878048780488,f1
1,QDA,0.8717948717948718,0.8220858895705521,f1
55,QDA,0.8717948717948718,0.8143712574850299,f1
28,QDA,0.8717948717948718,0.8313253012048192,f1
52,QDA,0.8717948717948718,0.8187134502923976,f1
7,QDA,0.8717948717948718,0.7904191616766467,f1
49,QDA,0.8717948717948718,0.8023952095808383,f1
4,QDA,0.8717948717948718,0.7573964497041421,f1
46,QDA,0.8717948717948718,0.7499999999999999,f1
10,QDA,0.8717948717948718,0.8,f1
37,QDA,0.8717948717948718,0.788235294117647,f1
19,QDA,0.8717948717948718,0.7901234567901233,f1
40,QDA,0.8717948717948718,0.7852760736196318,f1
22,QDA,0.8717948717948718,0.7455621301775147,f1
43,QDA,0.8717948717948718,0.7636363636363636,f1
13,QDA,0.8717948717948718,0.8095238095238095,f1
16,QDA,0.8717948717948718,0.8117647058823529,f1
0,RFC,0.8648648648648649,0.8774193548387098,f1
0,RFC,0.918918918918919,0.8717948717948718,f1
0,RFC,0.8888888888888888,0.8831168831168831,f1
0,RFC,0.918918918918919,0.880503144654088,f1
0,RFC,0.8888888888888888,0.8645161290322582,f1
0,RFC,0.918918918918919,0.8625,f1
0,RFC,0.918918918918919,0.8734177215189874,f1
0,RFC,0.8888888888888888,0.8717948717948718,f1
0,RFC,0.8888888888888888,0.9012345679012346,f1
0,RFC,0.8947368421052632,0.8944099378881989,f1
0,RFC,0.918918918918919,0.8774193548387098,f1
0,RFC,0.918918918918919,0.8974358974358975,f1
0,RFC,0.8888888888888888,0.9056603773584906,f1
0,RFC,0.8888888888888888,0.8974358974358975,f1
0,RFC,0.8888888888888888,0.8662420382165605,f1
0,RFC,0.8888888888888888,0.8789808917197452,f1
0,RFC,0.8888888888888888,0.8903225806451613,f1
0,RFC,0.918918918918919,0.880503144654088,f1
0,RFC,0.8888888888888888,0.8701298701298701,f1
0,RFC,0.8888888888888888,0.8831168831168831,f1
0,SVC,0.9444444444444444,0.9426751592356688,f1
0,SVC,0.9444444444444444,0.9493670886075949,f1
0,SVC,0.9444444444444444,0.9493670886075949,f1
0,SVC,0.9444444444444444,0.9620253164556962,f1
0,SVC,0.9444444444444444,0.9493670886075949,f1
0,SVC,0.9444444444444444,0.9299363057324842,f1
0,SVC,0.9444444444444444,0.9487179487179487,f1
0,SVC,0.9444444444444444,0.9559748427672956,f1
0,SVC,0.9444444444444444,0.9493670886075949,f1
0,SVC,0.9444444444444444,0.9487179487179487,f1
0,SVC,0.9444444444444444,0.9681528662420382,f1
0,SVC,0.9444444444444444,0.9426751592356688,f1
0,SVC,0.9444444444444444,0.9554140127388535,f1
0,SVC,0.9444444444444444,0.9426751592356688,f1
0,SVC,0.9444444444444444,0.9615384615384616,f1
0,SVC,0.9444444444444444,0.9493670886075949,f1
0,SVC,0.9444444444444444,0.9559748427672956,f1
0,SVC,0.9444444444444444,0.9620253164556962,f1
0,SVC,0.9444444444444444,0.9426751592356688,f1
0,SVC,0.9444444444444444,0.9620253164556962,f1
0,XGBC,0.9142857142857143,0.9182389937106918,f1
0,XGBC,0.9142857142857143,0.9161290322580644,f1
0,XGBC,0.9142857142857143,0.8961038961038961,f1
0,XGBC,0.9142857142857143,0.881578947368421,f1
0,XGBC,0.9142857142857143,0.9019607843137256,f1
0,XGBC,0.9142857142857143,0.9161290322580644,f1
0,XGBC,0.9142857142857143,0.9308176100628931,f1
0,XGBC,0.9142857142857143,0.9102564102564102,f1
0,XGBC,0.9142857142857143,0.9102564102564102,f1
0,XGBC,0.9142857142857143,0.9230769230769231,f1
0,XGBC,0.9142857142857143,0.9078947368421053,f1
0,XGBC,0.9142857142857143,0.881578947368421,f1
0,XGBC,0.9142857142857143,0.9090909090909091,f1
0,XGBC,0.9142857142857143,0.9102564102564102,f1
0,XGBC,0.9142857142857143,0.922077922077922,f1
0,XGBC,0.9142857142857143,0.9019607843137256,f1
0,XGBC,0.9142857142857143,0.9210526315789475,f1
0,XGBC,0.9142857142857143,0.8903225806451613,f1
0,XGBC,0.9142857142857143,0.9102564102564102,f1
0,XGBC,0.9142857142857143,0.8961038961038961,f1
0,ABC,0.8528028654224418,0.8816143018598197,matthews_corrcoef
0,ABC,0.8528028654224418,0.8421787424680311,matthews_corrcoef
0,ABC,0.8528028654224418,0.8820634278281506,matthews_corrcoef
0,ABC,0.8528028654224418,0.8421787424680311,matthews_corrcoef
0,ABC,0.8528028654224418,0.8815322779225913,matthews_corrcoef
0,ABC,0.8528028654224418,0.8816143018598197,matthews_corrcoef
0,ABC,0.8528028654224418,0.8556813654452543,matthews_corrcoef
0,ABC,0.8528028654224418,0.8683298683298684,matthews_corrcoef
0,ABC,0.8528028654224418,0.8815322779225913,matthews_corrcoef
0,ABC,0.8528028654224418,0.8949016291464251,matthews_corrcoef
0,ABC,0.8528028654224418,0.8423970023882502,matthews_corrcoef
0,ABC,0.8528028654224418,0.841995841995842,matthews_corrcoef
0,ABC,0.8528028654224418,0.8683298683298684,matthews_corrcoef
0,ABC,0.8528028654224418,0.9212630724856222,matthews_corrcoef
0,ABC,0.8528028654224418,0.8683298683298684,matthews_corrcoef
0,ABC,0.8528028654224418,0.8421787424680311,matthews_corrcoef
0,ABC,0.8528028654224418,0.8288413985501045,matthews_corrcoef
0,ABC,0.8528028654224418,0.8693570765303713,matthews_corrcoef
0,ABC,0.8528028654224418,0.8556813654452543,matthews_corrcoef
0,ABC,0.8528028654224418,0.8552871164211767,matthews_corrcoef
0,GBC,0.8528028654224418,0.9078777176088347,matthews_corrcoef
0,GBC,0.8528028654224418,0.8949016291464251,matthews_corrcoef
0,GBC,0.8528028654224418,0.90965128238407,matthews_corrcoef
0,GBC,0.8528028654224418,0.8816143018598197,matthews_corrcoef
0,GBC,0.8528028654224418,0.9084454902110469,matthews_corrcoef
0,GBC,0.8528028654224418,0.9212630724856222,matthews_corrcoef
0,GBC,0.8528028654224418,0.9342231572950781,matthews_corrcoef
0,GBC,0.8528028654224418,0.8820634278281506,matthews_corrcoef
0,GBC,0.8528028654224418,0.8949016291464251,matthews_corrcoef
0,GBC,0.8528028654224418,0.8949016291464251,matthews_corrcoef
0,GBC,0.8528028654224418,0.868721908712883,matthews_corrcoef
0,GBC,0.8528028654224418,0.8693570765303713,matthews_corrcoef
0,GBC,0.8528028654224418,0.895764405793484,matthews_corrcoef
0,GBC,0.8528028654224418,0.9342231572950781,matthews_corrcoef
0,GBC,0.8528028654224418,0.9212630724856222,matthews_corrcoef
0,GBC,0.8528028654224418,0.9212630724856222,matthews_corrcoef
0,GBC,0.8997354108424374,0.8949016291464251,matthews_corrcoef
0,GBC,0.8528028654224418,0.8815322779225913,matthews_corrcoef
0,GBC,0.8528028654224418,0.9212630724856222,matthews_corrcoef
0,GBC,0.8528028654224418,0.9084454902110469,matthews_corrcoef
44,KNC,0.7378647873726218,0.6213680051058996,matthews_corrcoef
14,KNC,0.7378647873726218,0.6089550441750571,matthews_corrcoef
41,KNC,0.7378647873726218,0.6338447883454624,matthews_corrcoef
17,KNC,0.7378647873726218,0.6479730577188847,matthews_corrcoef
32,KNC,0.7378647873726218,0.6604005788163859,matthews_corrcoef
20,KNC,0.7378647873726218,0.6745781103318697,matthews_corrcoef
35,KNC,0.7378647873726218,0.6233188948734186,matthews_corrcoef
23,KNC,0.7378647873726218,0.6729025868788654,matthews_corrcoef
26,KNC,0.7378647873726218,0.6889330108063434,matthews_corrcoef
38,KNC,0.7378647873726218,0.6356143663854859,matthews_corrcoef
11,KNC,0.7378647873726218,0.6590128260406926,matthews_corrcoef
8,KNC,0.7378647873726218,0.6889330108063434,matthews_corrcoef
2,KNC,0.7378647873726218,0.6646475732259212,matthews_corrcoef
59,KNC,0.7378647873726218,0.6257484492188817,matthews_corrcoef
56,KNC,0.7378647873726218,0.6622736885959146,matthews_corrcoef
47,KNC,0.7378647873726218,0.6604005788163859,matthews_corrcoef
53,KNC,0.7378647873726218,0.6604005788163859,matthews_corrcoef
29,KNC,0.7378647873726218,0.6729025868788654,matthews_corrcoef
50,KNC,0.7378647873726218,0.6767562733397241,matthews_corrcoef
5,KNC,0.7378647873726218,0.6745781103318697,matthews_corrcoef
39,LDA,0.8997354108424374,0.9079414872984627,matthews_corrcoef
54,LDA,0.8997354108424374,0.9213717213621486,matthews_corrcoef
42,LDA,0.8997354108424374,0.920997920997921,matthews_corrcoef
36,LDA,0.8997354108424374,0.9213717213621486,matthews_corrcoef
51,LDA,0.8997354108424374,0.9473319473319474,matthews_corrcoef
57,LDA,0.8997354108424374,0.9213717213621486,matthews_corrcoef
33,LDA,0.8997354108424374,0.9342231572950781,matthews_corrcoef
30,LDA,0.8997354108424374,0.9476966276867815,matthews_corrcoef
45,LDA,0.8997354108424374,0.9476966276867815,matthews_corrcoef
48,LDA,0.8997354108424374,0.9349614934065436,matthews_corrcoef
27,LDA,0.8997354108424374,0.9342686727371056,matthews_corrcoef
0,LDA,0.8997354108424374,0.9086343079679006,matthews_corrcoef
9,LDA,0.8997354108424374,0.920997920997921,matthews_corrcoef
15,LDA,0.8997354108424374,0.9213717213621486,matthews_corrcoef
18,LDA,0.8997354108424374,0.9473319473319474,matthews_corrcoef
12,LDA,0.8997354108424374,0.9476966276867815,matthews_corrcoef
6,LDA,0.8997354108424374,0.9342686727371056,matthews_corrcoef
3,LDA,0.8997354108424374,0.9213717213621486,matthews_corrcoef
24,LDA,0.8997354108424374,0.9342686727371056,matthews_corrcoef
21,LDA,0.8997354108424374,0.9079414872984627,matthews_corrcoef
0,LR,0.9486832980505138,0.9079414872984627,matthews_corrcoef
0,LR,0.9486832980505138,0.920997920997921,matthews_corrcoef
0,LR,0.9486832980505138,0.9213717213621486,matthews_corrcoef
0,LR,0.9486832980505138,0.8950468150375158,matthews_corrcoef
0,LR,0.9486832980505138,0.920997920997921,matthews_corrcoef
0,LR,0.9486832980505138,0.8946638946638946,matthews_corrcoef
0,LR,0.9486832980505138,0.8816143018598197,matthews_corrcoef
0,LR,0.9486832980505138,0.9212630724856222,matthews_corrcoef
0,LR,0.9486832980505138,0.9079414872984627,matthews_corrcoef
0,LR,0.9486832980505138,0.868721908712883,matthews_corrcoef
0,LR,0.9486832980505138,0.8946638946638946,matthews_corrcoef
0,LR,0.9486832980505138,0.8946638946638946,matthews_corrcoef
0,LR,0.9486832980505138,0.9079414872984627,matthews_corrcoef
0,LR,0.9486832980505138,0.8815322779225913,matthews_corrcoef
0,LR,0.9486832980505138,0.9342686727371056,matthews_corrcoef
0,LR,0.9486832980505138,0.9078777176088347,matthews_corrcoef
0,LR,0.9486832980505138,0.9079414872984627,matthews_corrcoef
0,LR,0.9486832980505138,0.920997920997921,matthews_corrcoef
0,LR,0.9486832980505138,0.9078777176088347,matthews_corrcoef
0,LR,0.9486832980505138,0.8816143018598197,matthews_corrcoef
0,PCA_LDA,0.9486832980505138,0.9213717213621486,matthews_corrcoef
19,PCA_LDA,0.9486832980505138,0.9349614934065436,matthews_corrcoef
18,PCA_LDA,0.9486832980505138,0.9476966276867815,matthews_corrcoef
17,PCA_LDA,0.9486832980505138,0.9476966276867815,matthews_corrcoef
16,PCA_LDA,0.9486832980505138,0.9612886788451865,matthews_corrcoef
15,PCA_LDA,0.9486832980505138,0.9363030604282025,matthews_corrcoef
13,PCA_LDA,0.9486832980505138,0.9213717213621486,matthews_corrcoef
12,PCA_LDA,0.9486832980505138,0.9240379612581693,matthews_corrcoef
11,PCA_LDA,0.9486832980505138,0.9079414872984627,matthews_corrcoef
10,PCA_LDA,0.9486832980505138,0.9476966276867815,matthews_corrcoef
14,PCA_LDA,0.9486832980505138,0.8946638946638946,matthews_corrcoef
8,PCA_LDA,0.9486832980505138,0.9240379612581693,matthews_corrcoef
7,PCA_LDA,0.9486832980505138,0.8823071225292577,matthews_corrcoef
6,PCA_LDA,0.9486832980505138,0.9473319473319474,matthews_corrcoef
5,PCA_LDA,0.9486832980505138,0.920997920997921,matthews_corrcoef
4,PCA_LDA,0.9486832980505138,0.9612886788451865,matthews_corrcoef
3,PCA_LDA,0.9486832980505138,0.8950468150375158,matthews_corrcoef
9,PCA_LDA,0.9486832980505138,0.9223839223839224,matthews_corrcoef
2,PCA_LDA,0.9486832980505138,0.9342686727371056,matthews_corrcoef
1,PCA_LDA,0.9486832980505138,0.920997920997921,matthews_corrcoef
9,PCA_QDA,0.8947368421052632,0.7901350887410329,matthews_corrcoef
10,PCA_QDA,0.8947368421052632,0.7109131009516945,matthews_corrcoef
11,PCA_QDA,0.8947368421052632,0.7366597366597366,matthews_corrcoef
14,PCA_QDA,0.8947368421052632,0.749978374666605,matthews_corrcoef
13,PCA_QDA,0.8947368421052632,0.7498050794913743,matthews_corrcoef
15,PCA_QDA,0.8947368421052632,0.7103257103257103,matthews_corrcoef
8,PCA_QDA,0.8947368421052632,0.7103257103257103,matthews_corrcoef
12,PCA_QDA,0.8947368421052632,0.7637277594779202,matthews_corrcoef
7,PCA_QDA,0.8947368421052632,0.723459639805131,matthews_corrcoef
17,PCA_QDA,0.8947368421052632,0.7367329691112431,matthews_corrcoef
5,PCA_QDA,0.8947368421052632,0.6845057716885817,matthews_corrcoef
4,PCA_QDA,0.8947368421052632,0.7370973770897189,matthews_corrcoef
3,PCA_QDA,0.8947368421052632,0.684010082432849,matthews_corrcoef
2,PCA_QDA,0.8947368421052632,0.697324003789319,matthews_corrcoef
1,PCA_QDA,0.8947368421052632,0.723459639805131,matthews_corrcoef
0,PCA_QDA,0.8947368421052632,0.7637277594779202,matthews_corrcoef
19,PCA_QDA,0.8947368421052632,0.6971142001188876,matthews_corrcoef
18,PCA_QDA,0.8947368421052632,0.7894558557896371,matthews_corrcoef
6,PCA_QDA,0.8947368421052632,0.7245902949162593,matthews_corrcoef
16,PCA_QDA,0.8947368421052632,0.7501531159136692,matthews_corrcoef
25,QDA,0.7378647873726218,0.557514560362358,matthews_corrcoef
34,QDA,0.7378647873726218,0.518335954265443,matthews_corrcoef
31,QDA,0.7378647873726218,0.5307313071464673,matthews_corrcoef
58,QDA,0.7378647873726218,0.5276216264617687,matthews_corrcoef
1,QDA,0.7378647873726218,0.6198796769744654,matthews_corrcoef
55,QDA,0.7378647873726218,0.596600205640266,matthews_corrcoef
28,QDA,0.7378647873726218,0.6356143663854859,matthews_corrcoef
52,QDA,0.7378647873726218,0.6016671667120277,matthews_corrcoef
7,QDA,0.7378647873726218,0.5431628271739605,matthews_corrcoef
49,QDA,0.7378647873726218,0.5698815164071132,matthews_corrcoef
4,QDA,0.7378647873726218,0.4646297067887236,matthews_corrcoef
46,QDA,0.7378647873726218,0.4732471375836793,matthews_corrcoef
10,QDA,0.7378647873726218,0.5681578998799297,matthews_corrcoef
37,QDA,0.7378647873726218,0.5328992780098127,matthews_corrcoef
19,QDA,0.7378647873726218,0.5531249301018075,matthews_corrcoef
40,QDA,0.7378647873726218,0.5403453121178655,matthews_corrcoef
22,QDA,0.7378647873726218,0.43777658305036393,matthews_corrcoef
43,QDA,0.7378647873726218,0.48834274204097466,matthews_corrcoef
13,QDA,0.7378647873726218,0.5842978135782488,matthews_corrcoef
16,QDA,0.7378647873726218,0.5867561199363364,matthews_corrcoef
0,RFC,0.7378647873726218,0.749978374666605,matthews_corrcoef
0,RFC,0.8432740427115678,0.7366597366597366,matthews_corrcoef
0,RFC,0.7938841860374447,0.7634222834143517,matthews_corrcoef
0,RFC,0.8432740427115678,0.7501531159136692,matthews_corrcoef
0,RFC,0.7938841860374447,0.723651189227962,matthews_corrcoef
0,RFC,0.8432740427115678,0.7109131009516945,matthews_corrcoef
0,RFC,0.8432740427115678,0.7367329691112431,matthews_corrcoef
0,RFC,0.7938841860374447,0.7366597366597366,matthews_corrcoef
0,RFC,0.7938841860374447,0.7913726959642989,matthews_corrcoef
0,RFC,0.7894736842105263,0.7774648627642052,matthews_corrcoef
0,RFC,0.8432740427115678,0.749978374666605,matthews_corrcoef
0,RFC,0.8432740427115678,0.7893277893277894,matthews_corrcoef
0,RFC,0.7938841860374447,0.8029172406794618,matthews_corrcoef
0,RFC,0.7938841860374447,0.7893277893277894,matthews_corrcoef
0,RFC,0.7938841860374447,0.723459639805131,matthews_corrcoef
0,RFC,0.7938841860374447,0.7498050794913743,matthews_corrcoef
0,RFC,0.7938841860374447,0.7763055601052479,matthews_corrcoef
0,RFC,0.8432740427115678,0.7501531159136692,matthews_corrcoef
0,RFC,0.7938841860374447,0.7370973770897189,matthews_corrcoef
0,RFC,0.7938841860374447,0.7634222834143517,matthews_corrcoef
0,SVC,0.8997354108424374,0.8815322779225913,matthews_corrcoef
0,SVC,0.8997354108424374,0.8949016291464251,matthews_corrcoef
0,SVC,0.8997354108424374,0.8949016291464251,matthews_corrcoef
0,SVC,0.8997354108424374,0.9212630724856222,matthews_corrcoef
0,SVC,0.8997354108424374,0.8949016291464251,matthews_corrcoef
0,SVC,0.8997354108424374,0.8551868382363479,matthews_corrcoef
0,SVC,0.8997354108424374,0.8946638946638946,matthews_corrcoef
0,SVC,0.8997354108424374,0.9084454902110469,matthews_corrcoef
0,SVC,0.8997354108424374,0.8949016291464251,matthews_corrcoef
0,SVC,0.8997354108424374,0.8946638946638946,matthews_corrcoef
0,SVC,0.8997354108424374,0.9342231572950781,matthews_corrcoef
0,SVC,0.8997354108424374,0.8815322779225913,matthews_corrcoef
0,SVC,0.8997354108424374,0.9078777176088347,matthews_corrcoef
0,SVC,0.8997354108424374,0.8815322779225913,matthews_corrcoef
0,SVC,0.8997354108424374,0.920997920997921,matthews_corrcoef
0,SVC,0.8997354108424374,0.8949016291464251,matthews_corrcoef
0,SVC,0.8997354108424374,0.9084454902110469,matthews_corrcoef
0,SVC,0.8997354108424374,0.9212630724856222,matthews_corrcoef
0,SVC,0.8997354108424374,0.8815322779225913,matthews_corrcoef
0,SVC,0.8997354108424374,0.9212630724856222,matthews_corrcoef
0,XGBC,0.8528028654224418,0.829299303062358,matthews_corrcoef
0,XGBC,0.8528028654224418,0.8289599309825338,matthews_corrcoef
0,XGBC,0.8528028654224418,0.7897471897389846,matthews_corrcoef
0,XGBC,0.8528028654224418,0.7643797643797644,matthews_corrcoef
0,XGBC,0.8528028654224418,0.8033255662133288,matthews_corrcoef
0,XGBC,0.8528028654224418,0.8289599309825338,matthews_corrcoef
0,XGBC,0.8528028654224418,0.8556813654452543,matthews_corrcoef
0,XGBC,0.8528028654224418,0.8156618156618156,matthews_corrcoef
0,XGBC,0.8528028654224418,0.8156618156618156,matthews_corrcoef
0,XGBC,0.8528028654224418,0.841995841995842,matthews_corrcoef
0,XGBC,0.8528028654224418,0.817047817047817,matthews_corrcoef
0,XGBC,0.8528028654224418,0.7643797643797644,matthews_corrcoef
0,XGBC,0.8528028654224418,0.8160720960636174,matthews_corrcoef
0,XGBC,0.8528028654224418,0.8156618156618156,matthews_corrcoef
0,XGBC,0.8528028654224418,0.8423970023882502,matthews_corrcoef
0,XGBC,0.8528028654224418,0.8033255662133288,matthews_corrcoef
0,XGBC,0.8528028654224418,0.8433818433818434,matthews_corrcoef
0,XGBC,0.8528028654224418,0.7763055601052479,matthews_corrcoef
0,XGBC,0.8528028654224418,0.8156618156618156,matthews_corrcoef
0,XGBC,0.8528028654224418,0.7897471897389846,matthews_corrcoef
0,ABC,0.9210526315789473,0.940921690921691,roc_auc
0,ABC,0.9210526315789473,0.9206514206514206,roc_auc
0,ABC,0.9210526315789473,0.9402286902286902,roc_auc
0,ABC,0.9210526315789473,0.9206514206514206,roc_auc
0,ABC,0.9210526315789473,0.9405751905751906,roc_auc
0,ABC,0.9210526315789473,0.940921690921691,roc_auc
0,ABC,0.9210526315789473,0.927061677061677,roc_auc
0,ABC,0.9210526315789473,0.9341649341649342,roc_auc
0,ABC,0.9210526315789473,0.9405751905751906,roc_auc
0,ABC,0.9210526315789473,0.946985446985447,roc_auc
0,ABC,0.9210526315789473,0.9213444213444213,roc_auc
0,ABC,0.9210526315789473,0.9209979209979211,roc_auc
0,ABC,0.9210526315789473,0.9341649341649342,roc_auc
0,ABC,0.9210526315789473,0.9601524601524603,roc_auc
0,ABC,0.9210526315789473,0.9341649341649342,roc_auc
0,ABC,0.9210526315789473,0.9206514206514206,roc_auc
0,ABC,0.9210526315789473,0.9142411642411642,roc_auc
0,ABC,0.9210526315789473,0.9334719334719334,roc_auc
0,ABC,0.9210526315789473,0.927061677061677,roc_auc
0,ABC,0.9210526315789473,0.9277546777546779,roc_auc
0,GBC,0.9210526315789473,0.9537422037422038,roc_auc
0,GBC,0.9210526315789473,0.946985446985447,roc_auc
0,GBC,0.9210526315789473,0.953049203049203,roc_auc
0,GBC,0.9210526315789473,0.940921690921691,roc_auc
0,GBC,0.9210526315789473,0.9533957033957035,roc_auc
0,GBC,0.9210526315789473,0.9601524601524603,roc_auc
0,GBC,0.9210526315789473,0.9669092169092168,roc_auc
0,GBC,0.9210526315789473,0.9402286902286902,roc_auc
0,GBC,0.9210526315789473,0.946985446985447,roc_auc
0,GBC,0.9210526315789473,0.946985446985447,roc_auc
0,GBC,0.9210526315789473,0.9345114345114346,roc_auc
0,GBC,0.9210526315789473,0.9334719334719334,roc_auc
0,GBC,0.9210526315789473,0.9466389466389465,roc_auc
0,GBC,0.9210526315789473,0.9669092169092168,roc_auc
0,GBC,0.9210526315789473,0.9601524601524603,roc_auc
0,GBC,0.9210526315789473,0.9601524601524603,roc_auc
0,GBC,0.9473684210526316,0.946985446985447,roc_auc
0,GBC,0.9210526315789473,0.9405751905751906,roc_auc
0,GBC,0.9210526315789473,0.9601524601524603,roc_auc
0,GBC,0.9210526315789473,0.9533957033957035,roc_auc
44,KNC,0.868421052631579,0.8075190575190575,roc_auc
14,KNC,0.868421052631579,0.8007623007623008,roc_auc
41,KNC,0.868421052631579,0.8142758142758143,roc_auc
17,KNC,0.868421052631579,0.8206860706860706,roc_auc
32,KNC,0.868421052631579,0.8274428274428274,roc_auc
20,KNC,0.868421052631579,0.8338530838530838,roc_auc
35,KNC,0.868421052631579,0.8071725571725572,roc_auc
23,KNC,0.868421052631579,0.8341995841995842,roc_auc
26,KNC,0.868421052631579,0.8402633402633402,roc_auc
38,KNC,0.868421052631579,0.8139293139293139,roc_auc
11,KNC,0.868421052631579,0.8277893277893278,roc_auc
8,KNC,0.868421052631579,0.8402633402633402,roc_auc
2,KNC,0.868421052631579,0.8267498267498267,roc_auc
59,KNC,0.868421052631579,0.8068260568260568,roc_auc
56,KNC,0.868421052631579,0.8270963270963272,roc_auc
47,KNC,0.868421052631579,0.8274428274428274,roc_auc
53,KNC,0.868421052631579,0.8274428274428274,roc_auc
29,KNC,0.868421052631579,0.8341995841995842,roc_auc
50,KNC,0.868421052631579,0.8335065835065836,roc_auc
5,KNC,0.868421052631579,0.8338530838530838,roc_auc
39,LDA,0.9473684210526316,0.954088704088704,roc_auc
54,LDA,0.9473684210526316,0.9608454608454609,roc_auc
42,LDA,0.9473684210526316,0.9604989604989604,roc_auc
36,LDA,0.9473684210526316,0.9608454608454609,roc_auc
51,LDA,0.9473684210526316,0.9736659736659736,roc_auc
57,LDA,0.9473684210526316,0.9608454608454609,roc_auc
33,LDA,0.9473684210526316,0.9669092169092168,roc_auc
30,LDA,0.9473684210526316,0.974012474012474,roc_auc
45,LDA,0.9473684210526316,0.974012474012474,roc_auc
48,LDA,0.9473684210526316,0.9676022176022174,roc_auc
27,LDA,0.9473684210526316,0.9672557172557172,roc_auc
0,LDA,0.9473684210526316,0.9544352044352045,roc_auc
9,LDA,0.9473684210526316,0.9604989604989604,roc_auc
15,LDA,0.9473684210526316,0.9608454608454609,roc_auc
18,LDA,0.9473684210526316,0.9736659736659736,roc_auc
12,LDA,0.9473684210526316,0.974012474012474,roc_auc
6,LDA,0.9473684210526316,0.9672557172557172,roc_auc
3,LDA,0.9473684210526316,0.9608454608454609,roc_auc
24,LDA,0.9473684210526316,0.9672557172557172,roc_auc
21,LDA,0.9473684210526316,0.954088704088704,roc_auc
0,LR,0.9736842105263158,0.954088704088704,roc_auc
0,LR,0.9736842105263158,0.9604989604989604,roc_auc
0,LR,0.9736842105263158,0.9608454608454609,roc_auc
0,LR,0.9736842105263158,0.9476784476784477,roc_auc
0,LR,0.9736842105263158,0.9604989604989604,roc_auc
0,LR,0.9736842105263158,0.9473319473319474,roc_auc
0,LR,0.9736842105263158,0.940921690921691,roc_auc
0,LR,0.9736842105263158,0.9601524601524603,roc_auc
0,LR,0.9736842105263158,0.954088704088704,roc_auc
0,LR,0.9736842105263158,0.9345114345114346,roc_auc
0,LR,0.9736842105263158,0.9473319473319474,roc_auc
0,LR,0.9736842105263158,0.9473319473319474,roc_auc
0,LR,0.9736842105263158,0.954088704088704,roc_auc
0,LR,0.9736842105263158,0.9405751905751906,roc_auc
0,LR,0.9736842105263158,0.9672557172557172,roc_auc
0,LR,0.9736842105263158,0.9537422037422038,roc_auc
0,LR,0.9736842105263158,0.954088704088704,roc_auc
0,LR,0.9736842105263158,0.9604989604989604,roc_auc
0,LR,0.9736842105263158,0.9537422037422038,roc_auc
0,LR,0.9736842105263158,0.940921690921691,roc_auc
0,PCA_LDA,0.9736842105263158,0.9608454608454609,roc_auc
19,PCA_LDA,0.9736842105263158,0.9676022176022174,roc_auc
18,PCA_LDA,0.9736842105263158,0.974012474012474,roc_auc
17,PCA_LDA,0.9736842105263158,0.974012474012474,roc_auc
16,PCA_LDA,0.9736842105263158,0.9807692307692308,roc_auc
15,PCA_LDA,0.9736842105263158,0.967948717948718,roc_auc
13,PCA_LDA,0.9736842105263158,0.9608454608454609,roc_auc
12,PCA_LDA,0.9736842105263158,0.9615384615384616,roc_auc
11,PCA_LDA,0.9736842105263158,0.954088704088704,roc_auc
10,PCA_LDA,0.9736842105263158,0.974012474012474,roc_auc
14,PCA_LDA,0.9736842105263158,0.9473319473319474,roc_auc
8,PCA_LDA,0.9736842105263158,0.9615384615384616,roc_auc
7,PCA_LDA,0.9736842105263158,0.9412681912681913,roc_auc
6,PCA_LDA,0.9736842105263158,0.9736659736659736,roc_auc
5,PCA_LDA,0.9736842105263158,0.9604989604989604,roc_auc
4,PCA_LDA,0.9736842105263158,0.9807692307692308,roc_auc
3,PCA_LDA,0.9736842105263158,0.9476784476784477,roc_auc
9,PCA_LDA,0.9736842105263158,0.9611919611919612,roc_auc
2,PCA_LDA,0.9736842105263158,0.9672557172557172,roc_auc
1,PCA_LDA,0.9736842105263158,0.9604989604989604,roc_auc
9,PCA_QDA,0.9473684210526315,0.893970893970894,roc_auc
10,PCA_QDA,0.9473684210526315,0.8544698544698544,roc_auc
11,PCA_QDA,0.9473684210526315,0.8683298683298684,roc_auc
14,PCA_QDA,0.9473684210526315,0.8750866250866252,roc_auc
13,PCA_QDA,0.9473684210526315,0.8747401247401247,roc_auc
15,PCA_QDA,0.9473684210526315,0.8551628551628552,roc_auc
8,PCA_QDA,0.9473684210526315,0.8551628551628552,roc_auc
12,PCA_QDA,0.9473684210526315,0.8808038808038807,roc_auc
7,PCA_QDA,0.9473684210526315,0.8615731115731116,roc_auc
17,PCA_QDA,0.9473684210526315,0.867983367983368,roc_auc
5,PCA_QDA,0.9473684210526315,0.8413028413028413,roc_auc
4,PCA_QDA,0.9473684210526315,0.8686763686763688,roc_auc
3,PCA_QDA,0.9473684210526315,0.8416493416493418,roc_auc
2,PCA_QDA,0.9473684210526315,0.8487525987525988,roc_auc
1,PCA_QDA,0.9473684210526315,0.8615731115731116,roc_auc
0,PCA_QDA,0.9473684210526315,0.8808038808038807,roc_auc
19,PCA_QDA,0.9473684210526315,0.8484060984060984,roc_auc
18,PCA_QDA,0.9473684210526315,0.8943173943173943,roc_auc
6,PCA_QDA,0.9473684210526315,0.860880110880111,roc_auc
16,PCA_QDA,0.9473684210526315,0.8743936243936243,roc_auc
25,QDA,0.868421052631579,0.7740817740817741,roc_auc
34,QDA,0.868421052631579,0.7541580041580042,roc_auc
31,QDA,0.868421052631579,0.7609147609147608,roc_auc
58,QDA,0.868421052631579,0.7616077616077616,roc_auc
1,QDA,0.868421052631579,0.8078655578655579,roc_auc
55,QDA,0.868421052631579,0.794005544005544,roc_auc
28,QDA,0.868421052631579,0.8139293139293139,roc_auc
52,QDA,0.868421052631579,0.7933125433125432,roc_auc
7,QDA,0.868421052631579,0.7676715176715176,roc_auc
49,QDA,0.868421052631579,0.7808385308385309,roc_auc
4,QDA,0.868421052631579,0.7278239778239778,roc_auc
46,QDA,0.868421052631579,0.7359667359667359,roc_auc
10,QDA,0.868421052631579,0.7811850311850311,roc_auc
37,QDA,0.868421052631579,0.7605682605682607,roc_auc
19,QDA,0.868421052631579,0.7751212751212752,roc_auc
40,QDA,0.868421052631579,0.7683645183645184,roc_auc
22,QDA,0.868421052631579,0.7146569646569646,roc_auc
43,QDA,0.868421052631579,0.7416839916839917,roc_auc
13,QDA,0.868421052631579,0.7872487872487872,roc_auc
16,QDA,0.868421052631579,0.7869022869022868,roc_auc
0,RFC,0.868421052631579,0.8750866250866252,roc_auc
0,RFC,0.9210526315789472,0.8683298683298684,roc_auc
0,RFC,0.8947368421052629,0.8818433818433818,roc_auc
0,RFC,0.9210526315789472,0.8743936243936243,roc_auc
0,RFC,0.8947368421052629,0.861919611919612,roc_auc
0,RFC,0.9210526315789472,0.8544698544698544,roc_auc
0,RFC,0.9210526315789472,0.867983367983368,roc_auc
0,RFC,0.8947368421052629,0.8683298683298684,roc_auc
0,RFC,0.8947368421052629,0.8936243936243936,roc_auc
0,RFC,0.8947368421052632,0.8872141372141372,roc_auc
0,RFC,0.9210526315789472,0.8750866250866252,roc_auc
0,RFC,0.9210526315789472,0.8946638946638947,roc_auc
0,RFC,0.8947368421052629,0.9007276507276508,roc_auc
0,RFC,0.8947368421052629,0.8946638946638947,roc_auc
0,RFC,0.8947368421052629,0.8615731115731116,roc_auc
0,RFC,0.8947368421052629,0.8747401247401247,roc_auc
0,RFC,0.8947368421052629,0.8882536382536382,roc_auc
0,RFC,0.9210526315789472,0.8743936243936243,roc_auc
0,RFC,0.8947368421052629,0.8686763686763688,roc_auc
0,RFC,0.8947368421052629,0.8818433818433818,roc_auc
0,SVC,0.9473684210526316,0.9405751905751906,roc_auc
0,SVC,0.9473684210526316,0.946985446985447,roc_auc
0,SVC,0.9473684210526316,0.946985446985447,roc_auc
0,SVC,0.9473684210526316,0.9601524601524603,roc_auc
0,SVC,0.9473684210526316,0.946985446985447,roc_auc
0,SVC,0.9473684210526316,0.9274081774081774,roc_auc
0,SVC,0.9473684210526316,0.9473319473319474,roc_auc
0,SVC,0.9473684210526316,0.9533957033957035,roc_auc
0,SVC,0.9473684210526316,0.946985446985447,roc_auc
0,SVC,0.9473684210526316,0.9473319473319474,roc_auc
0,SVC,0.9473684210526316,0.9669092169092168,roc_auc
0,SVC,0.9473684210526316,0.9405751905751906,roc_auc
0,SVC,0.9473684210526316,0.9537422037422038,roc_auc
0,SVC,0.9473684210526316,0.9405751905751906,roc_auc
0,SVC,0.9473684210526316,0.9604989604989604,roc_auc
0,SVC,0.9473684210526316,0.946985446985447,roc_auc
0,SVC,0.9473684210526316,0.9533957033957035,roc_auc
0,SVC,0.9473684210526316,0.9601524601524603,roc_auc
0,SVC,0.9473684210526316,0.9405751905751906,roc_auc
0,SVC,0.9473684210526316,0.9601524601524603,roc_auc
0,XGBC,0.9210526315789473,0.9138946638946639,roc_auc
0,XGBC,0.9210526315789473,0.9145876645876646,roc_auc
0,XGBC,0.9210526315789473,0.8950103950103949,roc_auc
0,XGBC,0.9210526315789473,0.8821898821898821,roc_auc
0,XGBC,0.9210526315789473,0.9017671517671517,roc_auc
0,XGBC,0.9210526315789473,0.9145876645876646,roc_auc
0,XGBC,0.9210526315789473,0.927061677061677,roc_auc
0,XGBC,0.9210526315789473,0.9078309078309077,roc_auc
0,XGBC,0.9210526315789473,0.9078309078309077,roc_auc
0,XGBC,0.9210526315789473,0.9209979209979211,roc_auc
0,XGBC,0.9210526315789473,0.9085239085239085,roc_auc
0,XGBC,0.9210526315789473,0.8821898821898821,roc_auc
0,XGBC,0.9210526315789473,0.9081774081774082,roc_auc
0,XGBC,0.9210526315789473,0.9078309078309077,roc_auc
0,XGBC,0.9210526315789473,0.9213444213444213,roc_auc
0,XGBC,0.9210526315789473,0.9017671517671517,roc_auc
0,XGBC,0.9210526315789473,0.9216909216909217,roc_auc
0,XGBC,0.9210526315789473,0.8882536382536382,roc_auc
0,XGBC,0.9210526315789473,0.9078309078309077,roc_auc
0,XGBC,0.9210526315789473,0.8950103950103949,roc_auc
